Nome;OU;Situação
IPPFR;OU=Estacoes,OU=Microinformatica,OU=Maquinas,DC=rede,DC=stf,DC=gov,DC=br;Fora Do Padrão
WORKNIAC2;OU=Estacoes,OU=Microinformatica,OU=Maquinas,DC=rede,DC=stf,DC=gov,DC=br;Fora Do Padrão
IPPF1;OU=Estacoes,OU=Microinformatica,OU=Maquinas,DC=rede,DC=stf,DC=gov,DC=br;Fora Do Padrão
IPPF2;OU=Estacoes,OU=Microinformatica,OU=Maquinas,DC=rede,DC=stf,DC=gov,DC=br;Fora Do Padrão
NOT088622;OU=Estacoes,OU=Microinformatica,OU=Maquinas,DC=rede,DC=stf,DC=gov,DC=br;Somente OU Incorreta
IPPF3;OU=Estacoes,OU=Microinformatica,OU=Maquinas,DC=rede,DC=stf,DC=gov,DC=br;Fora Do Padrão
NOT097898;OU=Estacoes,OU=Microinformatica,OU=Maquinas,DC=rede,DC=stf,DC=gov,DC=br;Somente OU Incorreta
NOT088539;OU=Estacoes,OU=Microinformatica,OU=Maquinas,DC=rede,DC=stf,DC=gov,DC=br;Somente OU Incorreta
NOT088493;OU=Estacoes,OU=Microinformatica,OU=Maquinas,DC=rede,DC=stf,DC=gov,DC=br;Somente OU Incorreta
NOT088588;OU=Estacoes,OU=Microinformatica,OU=Maquinas,DC=rede,DC=stf,DC=gov,DC=br;Somente OU Incorreta
NOT088506;OU=Estacoes,OU=Microinformatica,OU=Maquinas,DC=rede,DC=stf,DC=gov,DC=br;Somente OU Incorreta
EZU76470;OU=Estacoes,OU=Microinformatica,OU=Maquinas,DC=rede,DC=stf,DC=gov,DC=br;Fora Do Padrão
NOT095822;OU=Estacoes,OU=Microinformatica,OU=Maquinas,DC=rede,DC=stf,DC=gov,DC=br;Somente OU Incorreta
EVU005077;OU=Estacoes,OU=Microinformatica,OU=Maquinas,DC=rede,DC=stf,DC=gov,DC=br;Somente OU Incorreta
EVU005367;OU=Estacoes,OU=Microinformatica,OU=Maquinas,DC=rede,DC=stf,DC=gov,DC=br;Somente OU Incorreta
CLUSTER-TESTE;OU=Estacoes,OU=Microinformatica,OU=Maquinas,DC=rede,DC=stf,DC=gov,DC=br;Fora Do Padrão
NOT097847;OU=Estacoes,OU=Microinformatica,OU=Maquinas,DC=rede,DC=stf,DC=gov,DC=br;Somente OU Incorreta
WORKSTATIONNIAC;OU=Estacoes,OU=Microinformatica,OU=Maquinas,DC=rede,DC=stf,DC=gov,DC=br;Fora Do Padrão
NOT097829;OU=Estacoes,OU=Microinformatica,OU=Maquinas,DC=rede,DC=stf,DC=gov,DC=br;Somente OU Incorreta
TIMBUP3;OU=Estacoes,OU=Microinformatica,OU=Maquinas,DC=rede,DC=stf,DC=gov,DC=br;Fora Do Padrão
NOT088648;OU=Estacoes,OU=Microinformatica,OU=Maquinas,DC=rede,DC=stf,DC=gov,DC=br;Somente OU Incorreta
CLUSTER;OU=Estacoes,OU=Microinformatica,OU=Maquinas,DC=rede,DC=stf,DC=gov,DC=br;Fora Do Padrão
NOT088520;OU=Estacoes,OU=Microinformatica,OU=Maquinas,DC=rede,DC=stf,DC=gov,DC=br;Somente OU Incorreta
CLUSTER-TEST;OU=Estacoes,OU=Microinformatica,OU=Maquinas,DC=rede,DC=stf,DC=gov,DC=br;Fora Do Padrão
NOT088598;OU=Estacoes,OU=Microinformatica,OU=Maquinas,DC=rede,DC=stf,DC=gov,DC=br;Somente OU Incorreta
ETU10114;OU=Estacoes,OU=Microinformatica,OU=Maquinas,DC=rede,DC=stf,DC=gov,DC=br;Fora Do Padrão
NOT097910;OU=Estacoes,OU=Microinformatica,OU=Maquinas,DC=rede,DC=stf,DC=gov,DC=br;Somente OU Incorreta
NTV088602;OU=TV-Justica,OU=Estacoes,OU=Microinformatica,OU=Maquinas,DC=rede,DC=stf,DC=gov,DC=br;Fora Do Padrão
NTV088542;OU=TV-Justica,OU=Estacoes,OU=Microinformatica,OU=Maquinas,DC=rede,DC=stf,DC=gov,DC=br;Fora Do Padrão
NOT088582;OU=Estacoes,OU=Microinformatica,OU=Maquinas,DC=rede,DC=stf,DC=gov,DC=br;Somente OU Incorreta
EVU005368;OU=Estacoes,OU=Microinformatica,OU=Maquinas,DC=rede,DC=stf,DC=gov,DC=br;Somente OU Incorreta
EVU005369;OU=Estacoes,OU=Microinformatica,OU=Maquinas,DC=rede,DC=stf,DC=gov,DC=br;Somente OU Incorreta
EVU005370;OU=Estacoes,OU=Microinformatica,OU=Maquinas,DC=rede,DC=stf,DC=gov,DC=br;Somente OU Incorreta
EZU95326;OU=Estacoes,OU=Microinformatica,OU=Maquinas,DC=rede,DC=stf,DC=gov,DC=br;Fora Do Padrão
NOT088586;OU=Estacoes,OU=Microinformatica,OU=Maquinas,DC=rede,DC=stf,DC=gov,DC=br;Somente OU Incorreta
NOT088496;OU=Estacoes,OU=Microinformatica,OU=Maquinas,DC=rede,DC=stf,DC=gov,DC=br;Somente OU Incorreta
PHOTON-MACHINE;OU=Estacoes,OU=Microinformatica,OU=Maquinas,DC=rede,DC=stf,DC=gov,DC=br;Fora Do Padrão
ETI089316;OU=WHfB,OU=STI,OU=Estacoes,OU=Microinformatica,OU=Maquinas,DC=rede,DC=stf,DC=gov,DC=br;Somente OU Incorreta
ETI089927;OU=WHfB,OU=STI,OU=Estacoes,OU=Microinformatica,OU=Maquinas,DC=rede,DC=stf,DC=gov,DC=br;Somente OU Incorreta
ETI098189;OU=WHfB,OU=STI,OU=Estacoes,OU=Microinformatica,OU=Maquinas,DC=rede,DC=stf,DC=gov,DC=br;Somente OU Incorreta
ETI081677;OU=WHfB,OU=STI,OU=Estacoes,OU=Microinformatica,OU=Maquinas,DC=rede,DC=stf,DC=gov,DC=br;Somente OU Incorreta
ETI100583;OU=WHfB,OU=STI,OU=Estacoes,OU=Microinformatica,OU=Maquinas,DC=rede,DC=stf,DC=gov,DC=br;Somente OU Incorreta
ETI101174;OU=WHfB,OU=STI,OU=Estacoes,OU=Microinformatica,OU=Maquinas,DC=rede,DC=stf,DC=gov,DC=br;Somente OU Incorreta
ETI092057;OU=WHfB,OU=STI,OU=Estacoes,OU=Microinformatica,OU=Maquinas,DC=rede,DC=stf,DC=gov,DC=br;Somente OU Incorreta
ETI093420;OU=WHfB,OU=STI,OU=Estacoes,OU=Microinformatica,OU=Maquinas,DC=rede,DC=stf,DC=gov,DC=br;Somente OU Incorreta
ETI093114;OU=WHfB,OU=STI,OU=Estacoes,OU=Microinformatica,OU=Maquinas,DC=rede,DC=stf,DC=gov,DC=br;Somente OU Incorreta
ETI091844;OU=WHfB,OU=STI,OU=Estacoes,OU=Microinformatica,OU=Maquinas,DC=rede,DC=stf,DC=gov,DC=br;Somente OU Incorreta
ETU091729;OU=WHfB,OU=STI,OU=Estacoes,OU=Microinformatica,OU=Maquinas,DC=rede,DC=stf,DC=gov,DC=br;Somente OU Incorreta
ETI100754;OU=WHfB,OU=STI,OU=Estacoes,OU=Microinformatica,OU=Maquinas,DC=rede,DC=stf,DC=gov,DC=br;Somente OU Incorreta
ETI100745;OU=WHfB,OU=STI,OU=Estacoes,OU=Microinformatica,OU=Maquinas,DC=rede,DC=stf,DC=gov,DC=br;Somente OU Incorreta
ETI089302;OU=WHfB,OU=STI,OU=Estacoes,OU=Microinformatica,OU=Maquinas,DC=rede,DC=stf,DC=gov,DC=br;Somente OU Incorreta
ETI085163;OU=WHfB,OU=STI,OU=Estacoes,OU=Microinformatica,OU=Maquinas,DC=rede,DC=stf,DC=gov,DC=br;Somente OU Incorreta
ETI098140;OU=WHfB,OU=STI,OU=Estacoes,OU=Microinformatica,OU=Maquinas,DC=rede,DC=stf,DC=gov,DC=br;Somente OU Incorreta
ETI092076;OU=WHfB,OU=STI,OU=Estacoes,OU=Microinformatica,OU=Maquinas,DC=rede,DC=stf,DC=gov,DC=br;Somente OU Incorreta
ETI089321;OU=WHfB,OU=STI,OU=Estacoes,OU=Microinformatica,OU=Maquinas,DC=rede,DC=stf,DC=gov,DC=br;Somente OU Incorreta
ETI085308;OU=WHfB,OU=STI,OU=Estacoes,OU=Microinformatica,OU=Maquinas,DC=rede,DC=stf,DC=gov,DC=br;Somente OU Incorreta
ETI089312;OU=WHfB,OU=STI,OU=Estacoes,OU=Microinformatica,OU=Maquinas,DC=rede,DC=stf,DC=gov,DC=br;Somente OU Incorreta
ETI086519;OU=WHfB,OU=STI,OU=Estacoes,OU=Microinformatica,OU=Maquinas,DC=rede,DC=stf,DC=gov,DC=br;Somente OU Incorreta
ETI092837;OU=WHfB,OU=STI,OU=Estacoes,OU=Microinformatica,OU=Maquinas,DC=rede,DC=stf,DC=gov,DC=br;Somente OU Incorreta
ETI098162;OU=WHfB,OU=STI,OU=Estacoes,OU=Microinformatica,OU=Maquinas,DC=rede,DC=stf,DC=gov,DC=br;Somente OU Incorreta
ETI092814;OU=WHfB,OU=STI,OU=Estacoes,OU=Microinformatica,OU=Maquinas,DC=rede,DC=stf,DC=gov,DC=br;Somente OU Incorreta
ETI100746;OU=WHfB,OU=STI,OU=Estacoes,OU=Microinformatica,OU=Maquinas,DC=rede,DC=stf,DC=gov,DC=br;Somente OU Incorreta
ETI092392;OU=WHfB,OU=STI,OU=Estacoes,OU=Microinformatica,OU=Maquinas,DC=rede,DC=stf,DC=gov,DC=br;Somente OU Incorreta
ETI100733;OU=WHfB,OU=STI,OU=Estacoes,OU=Microinformatica,OU=Maquinas,DC=rede,DC=stf,DC=gov,DC=br;Somente OU Incorreta
ETI098194;OU=WHfB,OU=STI,OU=Estacoes,OU=Microinformatica,OU=Maquinas,DC=rede,DC=stf,DC=gov,DC=br;Somente OU Incorreta
ETI100563;OU=WHfB,OU=STI,OU=Estacoes,OU=Microinformatica,OU=Maquinas,DC=rede,DC=stf,DC=gov,DC=br;Somente OU Incorreta
ETI085322;OU=WHfB,OU=STI,OU=Estacoes,OU=Microinformatica,OU=Maquinas,DC=rede,DC=stf,DC=gov,DC=br;Somente OU Incorreta
ETI085992;OU=WHfB,OU=STI,OU=Estacoes,OU=Microinformatica,OU=Maquinas,DC=rede,DC=stf,DC=gov,DC=br;Somente OU Incorreta
ETI101172;OU=WHfB,OU=STI,OU=Estacoes,OU=Microinformatica,OU=Maquinas,DC=rede,DC=stf,DC=gov,DC=br;Somente OU Incorreta
ETI087444;OU=WHfB,OU=STI,OU=Estacoes,OU=Microinformatica,OU=Maquinas,DC=rede,DC=stf,DC=gov,DC=br;Somente OU Incorreta
ETI085982;OU=WHfB,OU=STI,OU=Estacoes,OU=Microinformatica,OU=Maquinas,DC=rede,DC=stf,DC=gov,DC=br;Somente OU Incorreta
ETI093459;OU=WHfB,OU=STI,OU=Estacoes,OU=Microinformatica,OU=Maquinas,DC=rede,DC=stf,DC=gov,DC=br;Somente OU Incorreta
ETI087159;OU=WHfB,OU=STI,OU=Estacoes,OU=Microinformatica,OU=Maquinas,DC=rede,DC=stf,DC=gov,DC=br;Somente OU Incorreta
ETI092798;OU=WHfB,OU=STI,OU=Estacoes,OU=Microinformatica,OU=Maquinas,DC=rede,DC=stf,DC=gov,DC=br;Somente OU Incorreta
ETI098200;OU=WHfB,OU=STI,OU=Estacoes,OU=Microinformatica,OU=Maquinas,DC=rede,DC=stf,DC=gov,DC=br;Somente OU Incorreta
ETI087617;OU=WHfB,OU=STI,OU=Estacoes,OU=Microinformatica,OU=Maquinas,DC=rede,DC=stf,DC=gov,DC=br;Somente OU Incorreta
ETI088199;OU=WHfB,OU=STI,OU=Estacoes,OU=Microinformatica,OU=Maquinas,DC=rede,DC=stf,DC=gov,DC=br;Somente OU Incorreta
ETI098134;OU=WHfB,OU=STI,OU=Estacoes,OU=Microinformatica,OU=Maquinas,DC=rede,DC=stf,DC=gov,DC=br;Somente OU Incorreta
ETI085997;OU=WHfB,OU=STI,OU=Estacoes,OU=Microinformatica,OU=Maquinas,DC=rede,DC=stf,DC=gov,DC=br;Somente OU Incorreta
ETI101169;OU=WHfB,OU=STI,OU=Estacoes,OU=Microinformatica,OU=Maquinas,DC=rede,DC=stf,DC=gov,DC=br;Somente OU Incorreta
ETI092764;OU=WHfB,OU=STI,OU=Estacoes,OU=Microinformatica,OU=Maquinas,DC=rede,DC=stf,DC=gov,DC=br;Somente OU Incorreta
ETI100438;OU=WHfB,OU=STI,OU=Estacoes,OU=Microinformatica,OU=Maquinas,DC=rede,DC=stf,DC=gov,DC=br;Somente OU Incorreta
ETI089299;OU=WHfB,OU=STI,OU=Estacoes,OU=Microinformatica,OU=Maquinas,DC=rede,DC=stf,DC=gov,DC=br;Somente OU Incorreta
ETI088187;OU=WHfB,OU=STI,OU=Estacoes,OU=Microinformatica,OU=Maquinas,DC=rede,DC=stf,DC=gov,DC=br;Somente OU Incorreta
NOT098234;OU=WHfB,OU=STI,OU=Estacoes,OU=Microinformatica,OU=Maquinas,DC=rede,DC=stf,DC=gov,DC=br;Somente OU Incorreta
ETI100445;OU=WHfB,OU=STI,OU=Estacoes,OU=Microinformatica,OU=Maquinas,DC=rede,DC=stf,DC=gov,DC=br;Somente OU Incorreta
ETI100753;OU=WHfB,OU=STI,OU=Estacoes,OU=Microinformatica,OU=Maquinas,DC=rede,DC=stf,DC=gov,DC=br;Somente OU Incorreta
ETI098185;OU=WHfB,OU=STI,OU=Estacoes,OU=Microinformatica,OU=Maquinas,DC=rede,DC=stf,DC=gov,DC=br;Somente OU Incorreta
ETI098146;OU=WHfB,OU=STI,OU=Estacoes,OU=Microinformatica,OU=Maquinas,DC=rede,DC=stf,DC=gov,DC=br;Somente OU Incorreta
ETI089328;OU=WHfB,OU=STI,OU=Estacoes,OU=Microinformatica,OU=Maquinas,DC=rede,DC=stf,DC=gov,DC=br;Somente OU Incorreta
ETI088049;OU=WHfB,OU=STI,OU=Estacoes,OU=Microinformatica,OU=Maquinas,DC=rede,DC=stf,DC=gov,DC=br;Somente OU Incorreta
ETI100474;OU=WHfB,OU=STI,OU=Estacoes,OU=Microinformatica,OU=Maquinas,DC=rede,DC=stf,DC=gov,DC=br;Somente OU Incorreta
ETI101171;OU=WHfB,OU=STI,OU=Estacoes,OU=Microinformatica,OU=Maquinas,DC=rede,DC=stf,DC=gov,DC=br;Somente OU Incorreta
ETI100468;OU=WHfB,OU=STI,OU=Estacoes,OU=Microinformatica,OU=Maquinas,DC=rede,DC=stf,DC=gov,DC=br;Somente OU Incorreta
ETI100731;OU=WHfB,OU=STI,OU=Estacoes,OU=Microinformatica,OU=Maquinas,DC=rede,DC=stf,DC=gov,DC=br;Somente OU Incorreta
ETI084618;OU=WHfB,OU=STI,OU=Estacoes,OU=Microinformatica,OU=Maquinas,DC=rede,DC=stf,DC=gov,DC=br;Somente OU Incorreta
ETI091888;OU=WHfB,OU=STI,OU=Estacoes,OU=Microinformatica,OU=Maquinas,DC=rede,DC=stf,DC=gov,DC=br;Somente OU Incorreta
ETI100762;OU=WHfB,OU=STI,OU=Estacoes,OU=Microinformatica,OU=Maquinas,DC=rede,DC=stf,DC=gov,DC=br;Somente OU Incorreta
ETI089431;OU=WHfB,OU=STI,OU=Estacoes,OU=Microinformatica,OU=Maquinas,DC=rede,DC=stf,DC=gov,DC=br;Somente OU Incorreta
ETI100434;OU=WHfB,OU=STI,OU=Estacoes,OU=Microinformatica,OU=Maquinas,DC=rede,DC=stf,DC=gov,DC=br;Somente OU Incorreta
ETI098139;OU=WHfB,OU=STI,OU=Estacoes,OU=Microinformatica,OU=Maquinas,DC=rede,DC=stf,DC=gov,DC=br;Somente OU Incorreta
ETI100692;OU=WHfB,OU=STI,OU=Estacoes,OU=Microinformatica,OU=Maquinas,DC=rede,DC=stf,DC=gov,DC=br;Somente OU Incorreta
ETI100471;OU=WHfB,OU=STI,OU=Estacoes,OU=Microinformatica,OU=Maquinas,DC=rede,DC=stf,DC=gov,DC=br;Somente OU Incorreta
ETI098191;OU=WHfB,OU=STI,OU=Estacoes,OU=Microinformatica,OU=Maquinas,DC=rede,DC=stf,DC=gov,DC=br;Somente OU Incorreta
ETI098187;OU=WHfB,OU=STI,OU=Estacoes,OU=Microinformatica,OU=Maquinas,DC=rede,DC=stf,DC=gov,DC=br;Somente OU Incorreta
ETI098192;OU=WHfB,OU=STI,OU=Estacoes,OU=Microinformatica,OU=Maquinas,DC=rede,DC=stf,DC=gov,DC=br;Somente OU Incorreta
ETI101162;OU=WHfB,OU=STI,OU=Estacoes,OU=Microinformatica,OU=Maquinas,DC=rede,DC=stf,DC=gov,DC=br;Somente OU Incorreta
ETI098150;OU=WHfB,OU=STI,OU=Estacoes,OU=Microinformatica,OU=Maquinas,DC=rede,DC=stf,DC=gov,DC=br;Somente OU Incorreta
ETI098210;OU=WHfB,OU=STI,OU=Estacoes,OU=Microinformatica,OU=Maquinas,DC=rede,DC=stf,DC=gov,DC=br;Somente OU Incorreta
ETI089314;OU=WHfB,OU=STI,OU=Estacoes,OU=Microinformatica,OU=Maquinas,DC=rede,DC=stf,DC=gov,DC=br;Somente OU Incorreta
ETI098209;OU=WHfB,OU=STI,OU=Estacoes,OU=Microinformatica,OU=Maquinas,DC=rede,DC=stf,DC=gov,DC=br;Somente OU Incorreta
ETI086001;OU=WHfB,OU=STI,OU=Estacoes,OU=Microinformatica,OU=Maquinas,DC=rede,DC=stf,DC=gov,DC=br;Somente OU Incorreta
ETI098213;OU=WHfB,OU=STI,OU=Estacoes,OU=Microinformatica,OU=Maquinas,DC=rede,DC=stf,DC=gov,DC=br;Somente OU Incorreta
ETI093503;OU=WHfB,OU=STI,OU=Estacoes,OU=Microinformatica,OU=Maquinas,DC=rede,DC=stf,DC=gov,DC=br;Somente OU Incorreta
ETI098208;OU=WHfB,OU=STI,OU=Estacoes,OU=Microinformatica,OU=Maquinas,DC=rede,DC=stf,DC=gov,DC=br;Somente OU Incorreta
ETI091869;OU=WHfB,OU=STI,OU=Estacoes,OU=Microinformatica,OU=Maquinas,DC=rede,DC=stf,DC=gov,DC=br;Somente OU Incorreta
ETI100470;OU=WHfB,OU=STI,OU=Estacoes,OU=Microinformatica,OU=Maquinas,DC=rede,DC=stf,DC=gov,DC=br;Somente OU Incorreta
ETI087905;OU=WHfB,OU=STI,OU=Estacoes,OU=Microinformatica,OU=Maquinas,DC=rede,DC=stf,DC=gov,DC=br;Somente OU Incorreta
ETI100467;OU=WHfB,OU=STI,OU=Estacoes,OU=Microinformatica,OU=Maquinas,DC=rede,DC=stf,DC=gov,DC=br;Somente OU Incorreta
ETI091862;OU=WHfB,OU=STI,OU=Estacoes,OU=Microinformatica,OU=Maquinas,DC=rede,DC=stf,DC=gov,DC=br;Somente OU Incorreta
ETI089319;OU=WHfB,OU=STI,OU=Estacoes,OU=Microinformatica,OU=Maquinas,DC=rede,DC=stf,DC=gov,DC=br;Somente OU Incorreta
ETI101180;OU=WHfB,OU=STI,OU=Estacoes,OU=Microinformatica,OU=Maquinas,DC=rede,DC=stf,DC=gov,DC=br;Somente OU Incorreta
ETI087148;OU=WHfB,OU=STI,OU=Estacoes,OU=Microinformatica,OU=Maquinas,DC=rede,DC=stf,DC=gov,DC=br;Somente OU Incorreta
ETI085998;OU=WHfB,OU=STI,OU=Estacoes,OU=Microinformatica,OU=Maquinas,DC=rede,DC=stf,DC=gov,DC=br;Somente OU Incorreta
ETI100447;OU=WHfB,OU=STI,OU=Estacoes,OU=Microinformatica,OU=Maquinas,DC=rede,DC=stf,DC=gov,DC=br;Somente OU Incorreta
ETI101173;OU=WHfB,OU=STI,OU=Estacoes,OU=Microinformatica,OU=Maquinas,DC=rede,DC=stf,DC=gov,DC=br;Somente OU Incorreta
ETI085173;OU=WHfB,OU=STI,OU=Estacoes,OU=Microinformatica,OU=Maquinas,DC=rede,DC=stf,DC=gov,DC=br;Somente OU Incorreta
ETI100764;OU=WHfB,OU=STI,OU=Estacoes,OU=Microinformatica,OU=Maquinas,DC=rede,DC=stf,DC=gov,DC=br;Somente OU Incorreta
ETI089315;OU=WHfB,OU=STI,OU=Estacoes,OU=Microinformatica,OU=Maquinas,DC=rede,DC=stf,DC=gov,DC=br;Somente OU Incorreta
ETI100440;OU=WHfB,OU=STI,OU=Estacoes,OU=Microinformatica,OU=Maquinas,DC=rede,DC=stf,DC=gov,DC=br;Somente OU Incorreta
ETI100774;OU=WHfB,OU=STI,OU=Estacoes,OU=Microinformatica,OU=Maquinas,DC=rede,DC=stf,DC=gov,DC=br;Somente OU Incorreta
ETI089287;OU=WHfB,OU=STI,OU=Estacoes,OU=Microinformatica,OU=Maquinas,DC=rede,DC=stf,DC=gov,DC=br;Somente OU Incorreta
ETI089300;OU=WHfB,OU=STI,OU=Estacoes,OU=Microinformatica,OU=Maquinas,DC=rede,DC=stf,DC=gov,DC=br;Somente OU Incorreta
ETI100585;OU=WHfB,OU=STI,OU=Estacoes,OU=Microinformatica,OU=Maquinas,DC=rede,DC=stf,DC=gov,DC=br;Somente OU Incorreta
ETI100756;OU=WHfB,OU=STI,OU=Estacoes,OU=Microinformatica,OU=Maquinas,DC=rede,DC=stf,DC=gov,DC=br;Somente OU Incorreta
ETI100773;OU=WHfB,OU=STI,OU=Estacoes,OU=Microinformatica,OU=Maquinas,DC=rede,DC=stf,DC=gov,DC=br;Somente OU Incorreta
ETI098207;OU=WHfB,OU=STI,OU=Estacoes,OU=Microinformatica,OU=Maquinas,DC=rede,DC=stf,DC=gov,DC=br;Somente OU Incorreta
ETI093402;OU=WHfB,OU=STI,OU=Estacoes,OU=Microinformatica,OU=Maquinas,DC=rede,DC=stf,DC=gov,DC=br;Somente OU Incorreta
ETI100744;OU=WHfB,OU=STI,OU=Estacoes,OU=Microinformatica,OU=Maquinas,DC=rede,DC=stf,DC=gov,DC=br;Somente OU Incorreta
ETI098175;OU=WHfB,OU=STI,OU=Estacoes,OU=Microinformatica,OU=Maquinas,DC=rede,DC=stf,DC=gov,DC=br;Somente OU Incorreta
ETI086066;OU=WHfB,OU=STI,OU=Estacoes,OU=Microinformatica,OU=Maquinas,DC=rede,DC=stf,DC=gov,DC=br;Somente OU Incorreta
ETI100747;OU=WHfB,OU=STI,OU=Estacoes,OU=Microinformatica,OU=Maquinas,DC=rede,DC=stf,DC=gov,DC=br;Somente OU Incorreta
ETI086249;OU=WHfB,OU=STI,OU=Estacoes,OU=Microinformatica,OU=Maquinas,DC=rede,DC=stf,DC=gov,DC=br;Somente OU Incorreta
ETI096812;OU=WHfB,OU=STI,OU=Estacoes,OU=Microinformatica,OU=Maquinas,DC=rede,DC=stf,DC=gov,DC=br;Somente OU Incorreta
ETI093038;OU=WHfB,OU=STI,OU=Estacoes,OU=Microinformatica,OU=Maquinas,DC=rede,DC=stf,DC=gov,DC=br;Somente OU Incorreta
ETI100763;OU=WHfB,OU=STI,OU=Estacoes,OU=Microinformatica,OU=Maquinas,DC=rede,DC=stf,DC=gov,DC=br;Somente OU Incorreta
ETI091847;OU=WHfB,OU=STI,OU=Estacoes,OU=Microinformatica,OU=Maquinas,DC=rede,DC=stf,DC=gov,DC=br;Somente OU Incorreta
ETI092132;OU=WHfB,OU=STI,OU=Estacoes,OU=Microinformatica,OU=Maquinas,DC=rede,DC=stf,DC=gov,DC=br;Somente OU Incorreta
NOT097841;OU=WHfB,OU=STI,OU=Estacoes,OU=Microinformatica,OU=Maquinas,DC=rede,DC=stf,DC=gov,DC=br;Somente OU Incorreta
ETI087441;OU=WHfB,OU=STI,OU=Estacoes,OU=Microinformatica,OU=Maquinas,DC=rede,DC=stf,DC=gov,DC=br;Somente OU Incorreta
ETI091857;OU=WHfB,OU=STI,OU=Estacoes,OU=Microinformatica,OU=Maquinas,DC=rede,DC=stf,DC=gov,DC=br;Somente OU Incorreta
ETI092159;OU=WHfB,OU=STI,OU=Estacoes,OU=Microinformatica,OU=Maquinas,DC=rede,DC=stf,DC=gov,DC=br;Somente OU Incorreta
ETI085986;OU=WHfB,OU=STI,OU=Estacoes,OU=Microinformatica,OU=Maquinas,DC=rede,DC=stf,DC=gov,DC=br;Somente OU Incorreta
ETI092461;OU=WHfB,OU=STI,OU=Estacoes,OU=Microinformatica,OU=Maquinas,DC=rede,DC=stf,DC=gov,DC=br;Somente OU Incorreta
ETI093088;OU=WHfB,OU=STI,OU=Estacoes,OU=Microinformatica,OU=Maquinas,DC=rede,DC=stf,DC=gov,DC=br;Somente OU Incorreta
ETI092209;OU=WHfB,OU=STI,OU=Estacoes,OU=Microinformatica,OU=Maquinas,DC=rede,DC=stf,DC=gov,DC=br;Somente OU Incorreta
ETI100558;OU=WHfB,OU=STI,OU=Estacoes,OU=Microinformatica,OU=Maquinas,DC=rede,DC=stf,DC=gov,DC=br;Somente OU Incorreta
ETI092816;OU=WHfB,OU=STI,OU=Estacoes,OU=Microinformatica,OU=Maquinas,DC=rede,DC=stf,DC=gov,DC=br;Somente OU Incorreta
ETI089557;OU=WHfB,OU=STI,OU=Estacoes,OU=Microinformatica,OU=Maquinas,DC=rede,DC=stf,DC=gov,DC=br;Somente OU Incorreta
ETI098195;OU=WHfB,OU=STI,OU=Estacoes,OU=Microinformatica,OU=Maquinas,DC=rede,DC=stf,DC=gov,DC=br;Somente OU Incorreta
ETI100553;OU=WHfB,OU=STI,OU=Estacoes,OU=Microinformatica,OU=Maquinas,DC=rede,DC=stf,DC=gov,DC=br;Somente OU Incorreta
ETI100559;OU=WHfB,OU=STI,OU=Estacoes,OU=Microinformatica,OU=Maquinas,DC=rede,DC=stf,DC=gov,DC=br;Somente OU Incorreta
ETI092214;OU=WHfB,OU=STI,OU=Estacoes,OU=Microinformatica,OU=Maquinas,DC=rede,DC=stf,DC=gov,DC=br;Somente OU Incorreta
ETI084573;OU=WHfB,OU=STI,OU=Estacoes,OU=Microinformatica,OU=Maquinas,DC=rede,DC=stf,DC=gov,DC=br;Somente OU Incorreta
ETI092080;OU=WHfB,OU=STI,OU=Estacoes,OU=Microinformatica,OU=Maquinas,DC=rede,DC=stf,DC=gov,DC=br;Somente OU Incorreta
ETI085989;OU=WHfB,OU=STI,OU=Estacoes,OU=Microinformatica,OU=Maquinas,DC=rede,DC=stf,DC=gov,DC=br;Somente OU Incorreta
ETI092195;OU=WHfB,OU=STI,OU=Estacoes,OU=Microinformatica,OU=Maquinas,DC=rede,DC=stf,DC=gov,DC=br;Somente OU Incorreta
ETI100584;OU=WHfB,OU=STI,OU=Estacoes,OU=Microinformatica,OU=Maquinas,DC=rede,DC=stf,DC=gov,DC=br;Somente OU Incorreta
ETI092102;OU=WHfB,OU=STI,OU=Estacoes,OU=Microinformatica,OU=Maquinas,DC=rede,DC=stf,DC=gov,DC=br;Somente OU Incorreta
ETI092197;OU=WHfB,OU=STI,OU=Estacoes,OU=Microinformatica,OU=Maquinas,DC=rede,DC=stf,DC=gov,DC=br;Somente OU Incorreta
ETI092202;OU=WHfB,OU=STI,OU=Estacoes,OU=Microinformatica,OU=Maquinas,DC=rede,DC=stf,DC=gov,DC=br;Somente OU Incorreta
ETI098205;OU=WHfB,OU=STI,OU=Estacoes,OU=Microinformatica,OU=Maquinas,DC=rede,DC=stf,DC=gov,DC=br;Somente OU Incorreta
ETI092139;OU=WHfB,OU=STI,OU=Estacoes,OU=Microinformatica,OU=Maquinas,DC=rede,DC=stf,DC=gov,DC=br;Somente OU Incorreta
ETI101164;OU=WHfB,OU=STI,OU=Estacoes,OU=Microinformatica,OU=Maquinas,DC=rede,DC=stf,DC=gov,DC=br;Somente OU Incorreta
ETI093043;OU=WHfB,OU=STI,OU=Estacoes,OU=Microinformatica,OU=Maquinas,DC=rede,DC=stf,DC=gov,DC=br;Somente OU Incorreta
ETI085993;OU=WHfB,OU=STI,OU=Estacoes,OU=Microinformatica,OU=Maquinas,DC=rede,DC=stf,DC=gov,DC=br;Somente OU Incorreta
ETI092539;OU=WHfB,OU=STI,OU=Estacoes,OU=Microinformatica,OU=Maquinas,DC=rede,DC=stf,DC=gov,DC=br;Somente OU Incorreta
ETI100573;OU=WHfB,OU=STI,OU=Estacoes,OU=Microinformatica,OU=Maquinas,DC=rede,DC=stf,DC=gov,DC=br;Somente OU Incorreta
ETI092476;OU=WHfB,OU=STI,OU=Estacoes,OU=Microinformatica,OU=Maquinas,DC=rede,DC=stf,DC=gov,DC=br;Somente OU Incorreta
ETI092431;OU=WHfB,OU=STI,OU=Estacoes,OU=Microinformatica,OU=Maquinas,DC=rede,DC=stf,DC=gov,DC=br;Somente OU Incorreta
ETI092064;OU=WHfB,OU=STI,OU=Estacoes,OU=Microinformatica,OU=Maquinas,DC=rede,DC=stf,DC=gov,DC=br;Somente OU Incorreta
ETI092074;OU=WHfB,OU=STI,OU=Estacoes,OU=Microinformatica,OU=Maquinas,DC=rede,DC=stf,DC=gov,DC=br;Somente OU Incorreta
ETI100473;OU=WHfB,OU=STI,OU=Estacoes,OU=Microinformatica,OU=Maquinas,DC=rede,DC=stf,DC=gov,DC=br;Somente OU Incorreta
ETI101201;OU=WHfB,OU=STI,OU=Estacoes,OU=Microinformatica,OU=Maquinas,DC=rede,DC=stf,DC=gov,DC=br;Somente OU Incorreta
ETI091729;OU=WHfB,OU=STI,OU=Estacoes,OU=Microinformatica,OU=Maquinas,DC=rede,DC=stf,DC=gov,DC=br;Somente OU Incorreta
ETI100472;OU=WHfB,OU=STI,OU=Estacoes,OU=Microinformatica,OU=Maquinas,DC=rede,DC=stf,DC=gov,DC=br;Somente OU Incorreta
ETI089293;OU=WHfB,OU=STI,OU=Estacoes,OU=Microinformatica,OU=Maquinas,DC=rede,DC=stf,DC=gov,DC=br;Somente OU Incorreta
ETI087285;OU=WHfB,OU=STI,OU=Estacoes,OU=Microinformatica,OU=Maquinas,DC=rede,DC=stf,DC=gov,DC=br;Somente OU Incorreta
NOT098251;OU=WHfB,OU=STI,OU=Estacoes,OU=Microinformatica,OU=Maquinas,DC=rede,DC=stf,DC=gov,DC=br;Somente OU Incorreta
ETI084674;OU=WHfB,OU=STI,OU=Estacoes,OU=Microinformatica,OU=Maquinas,DC=rede,DC=stf,DC=gov,DC=br;Somente OU Incorreta
ETI098181;OU=WHfB,OU=STI,OU=Estacoes,OU=Microinformatica,OU=Maquinas,DC=rede,DC=stf,DC=gov,DC=br;Somente OU Incorreta
ETI100469;OU=WHfB,OU=STI,OU=Estacoes,OU=Microinformatica,OU=Maquinas,DC=rede,DC=stf,DC=gov,DC=br;Somente OU Incorreta
ETI100593;OU=WHfB,OU=STI,OU=Estacoes,OU=Microinformatica,OU=Maquinas,DC=rede,DC=stf,DC=gov,DC=br;Somente OU Incorreta
ETI100734;OU=WHfB,OU=STI,OU=Estacoes,OU=Microinformatica,OU=Maquinas,DC=rede,DC=stf,DC=gov,DC=br;Somente OU Incorreta
ETI091868;OU=WHfB,OU=STI,OU=Estacoes,OU=Microinformatica,OU=Maquinas,DC=rede,DC=stf,DC=gov,DC=br;Somente OU Incorreta
ETI101163;OU=WHfB,OU=STI,OU=Estacoes,OU=Microinformatica,OU=Maquinas,DC=rede,DC=stf,DC=gov,DC=br;Somente OU Incorreta
ETI098182;OU=WHfB,OU=STI,OU=Estacoes,OU=Microinformatica,OU=Maquinas,DC=rede,DC=stf,DC=gov,DC=br;Somente OU Incorreta
ETI100566;OU=WHfB,OU=STI,OU=Estacoes,OU=Microinformatica,OU=Maquinas,DC=rede,DC=stf,DC=gov,DC=br;Somente OU Incorreta
ETI085981;OU=WHfB,OU=STI,OU=Estacoes,OU=Microinformatica,OU=Maquinas,DC=rede,DC=stf,DC=gov,DC=br;Somente OU Incorreta
NOT097935;OU=WHfB,OU=STI,OU=Estacoes,OU=Microinformatica,OU=Maquinas,DC=rede,DC=stf,DC=gov,DC=br;Somente OU Incorreta
ETI086248;OU=WHfB,OU=STI,OU=Estacoes,OU=Microinformatica,OU=Maquinas,DC=rede,DC=stf,DC=gov,DC=br;Somente OU Incorreta
ETI098147;OU=WHfB,OU=STI,OU=Estacoes,OU=Microinformatica,OU=Maquinas,DC=rede,DC=stf,DC=gov,DC=br;Somente OU Incorreta
ETI086702;OU=WHfB,OU=STI,OU=Estacoes,OU=Microinformatica,OU=Maquinas,DC=rede,DC=stf,DC=gov,DC=br;Somente OU Incorreta
ETI098193;OU=WHfB,OU=STI,OU=Estacoes,OU=Microinformatica,OU=Maquinas,DC=rede,DC=stf,DC=gov,DC=br;Somente OU Incorreta
ETI098970;OU=WHfB,OU=STI,OU=Estacoes,OU=Microinformatica,OU=Maquinas,DC=rede,DC=stf,DC=gov,DC=br;Somente OU Incorreta
ETI100554;OU=WHfB,OU=STI,OU=Estacoes,OU=Microinformatica,OU=Maquinas,DC=rede,DC=stf,DC=gov,DC=br;Somente OU Incorreta
ETI100531;OU=WHfB,OU=STI,OU=Estacoes,OU=Microinformatica,OU=Maquinas,DC=rede,DC=stf,DC=gov,DC=br;Somente OU Incorreta
ETI086376;OU=WHfB,OU=STI,OU=Estacoes,OU=Microinformatica,OU=Maquinas,DC=rede,DC=stf,DC=gov,DC=br;Somente OU Incorreta
ETI091815;OU=WHfB,OU=STI,OU=Estacoes,OU=Microinformatica,OU=Maquinas,DC=rede,DC=stf,DC=gov,DC=br;Somente OU Incorreta
ETI086375;OU=WHfB,OU=STI,OU=Estacoes,OU=Microinformatica,OU=Maquinas,DC=rede,DC=stf,DC=gov,DC=br;Somente OU Incorreta
ETI091854;OU=WHfB,OU=STI,OU=Estacoes,OU=Microinformatica,OU=Maquinas,DC=rede,DC=stf,DC=gov,DC=br;Somente OU Incorreta
ETI100555;OU=WHfB,OU=STI,OU=Estacoes,OU=Microinformatica,OU=Maquinas,DC=rede,DC=stf,DC=gov,DC=br;Somente OU Incorreta
ETI091866;OU=WHfB,OU=STI,OU=Estacoes,OU=Microinformatica,OU=Maquinas,DC=rede,DC=stf,DC=gov,DC=br;Somente OU Incorreta
ETI101196;OU=WHfB,OU=STI,OU=Estacoes,OU=Microinformatica,OU=Maquinas,DC=rede,DC=stf,DC=gov,DC=br;Somente OU Incorreta
ETI087464;OU=WHfB,OU=STI,OU=Estacoes,OU=Microinformatica,OU=Maquinas,DC=rede,DC=stf,DC=gov,DC=br;Somente OU Incorreta
ETI093560;OU=WHfB,OU=STI,OU=Estacoes,OU=Microinformatica,OU=Maquinas,DC=rede,DC=stf,DC=gov,DC=br;Somente OU Incorreta
ETI089320;OU=WHfB,OU=STI,OU=Estacoes,OU=Microinformatica,OU=Maquinas,DC=rede,DC=stf,DC=gov,DC=br;Somente OU Incorreta
ETI100749;OU=WHfB,OU=STI,OU=Estacoes,OU=Microinformatica,OU=Maquinas,DC=rede,DC=stf,DC=gov,DC=br;Somente OU Incorreta
ETI085995;OU=WHfB,OU=STI,OU=Estacoes,OU=Microinformatica,OU=Maquinas,DC=rede,DC=stf,DC=gov,DC=br;Somente OU Incorreta
ETI098165;OU=WHfB,OU=STI,OU=Estacoes,OU=Microinformatica,OU=Maquinas,DC=rede,DC=stf,DC=gov,DC=br;Somente OU Incorreta
ETI100766;OU=WHfB,OU=STI,OU=Estacoes,OU=Microinformatica,OU=Maquinas,DC=rede,DC=stf,DC=gov,DC=br;Somente OU Incorreta
ETI085193;OU=WHfB,OU=STI,OU=Estacoes,OU=Microinformatica,OU=Maquinas,DC=rede,DC=stf,DC=gov,DC=br;Somente OU Incorreta
ETI100536;OU=WHfB,OU=STI,OU=Estacoes,OU=Microinformatica,OU=Maquinas,DC=rede,DC=stf,DC=gov,DC=br;Somente OU Incorreta
ETI085125;OU=WHfB,OU=STI,OU=Estacoes,OU=Microinformatica,OU=Maquinas,DC=rede,DC=stf,DC=gov,DC=br;Somente OU Incorreta
ETI100567;OU=WHfB,OU=STI,OU=Estacoes,OU=Microinformatica,OU=Maquinas,DC=rede,DC=stf,DC=gov,DC=br;Somente OU Incorreta
ETI084707;OU=WHfB,OU=STI,OU=Estacoes,OU=Microinformatica,OU=Maquinas,DC=rede,DC=stf,DC=gov,DC=br;Somente OU Incorreta
ETI100556;OU=WHfB,OU=STI,OU=Estacoes,OU=Microinformatica,OU=Maquinas,DC=rede,DC=stf,DC=gov,DC=br;Somente OU Incorreta
ETI100533;OU=WHfB,OU=STI,OU=Estacoes,OU=Microinformatica,OU=Maquinas,DC=rede,DC=stf,DC=gov,DC=br;Somente OU Incorreta
ETI084648;OU=WHfB,OU=STI,OU=Estacoes,OU=Microinformatica,OU=Maquinas,DC=rede,DC=stf,DC=gov,DC=br;Somente OU Incorreta
ETI092062;OU=WHfB,OU=STI,OU=Estacoes,OU=Microinformatica,OU=Maquinas,DC=rede,DC=stf,DC=gov,DC=br;Somente OU Incorreta
ETI100591;OU=WHfB,OU=STI,OU=Estacoes,OU=Microinformatica,OU=Maquinas,DC=rede,DC=stf,DC=gov,DC=br;Somente OU Incorreta
ETI084620;OU=WHfB,OU=STI,OU=Estacoes,OU=Microinformatica,OU=Maquinas,DC=rede,DC=stf,DC=gov,DC=br;Somente OU Incorreta
ETI088218;OU=WHfB,OU=STI,OU=Estacoes,OU=Microinformatica,OU=Maquinas,DC=rede,DC=stf,DC=gov,DC=br;Somente OU Incorreta
ETI089313;OU=WHfB,OU=STI,OU=Estacoes,OU=Microinformatica,OU=Maquinas,DC=rede,DC=stf,DC=gov,DC=br;Somente OU Incorreta
ETI088355;OU=WHfB,OU=STI,OU=Estacoes,OU=Microinformatica,OU=Maquinas,DC=rede,DC=stf,DC=gov,DC=br;Somente OU Incorreta
ETI100535;OU=WHfB,OU=STI,OU=Estacoes,OU=Microinformatica,OU=Maquinas,DC=rede,DC=stf,DC=gov,DC=br;Somente OU Incorreta
ETI089303;OU=WHfB,OU=STI,OU=Estacoes,OU=Microinformatica,OU=Maquinas,DC=rede,DC=stf,DC=gov,DC=br;Somente OU Incorreta
ETI098184;OU=WHfB,OU=STI,OU=Estacoes,OU=Microinformatica,OU=Maquinas,DC=rede,DC=stf,DC=gov,DC=br;Somente OU Incorreta
ETI087281;OU=WHfB,OU=STI,OU=Estacoes,OU=Microinformatica,OU=Maquinas,DC=rede,DC=stf,DC=gov,DC=br;Somente OU Incorreta
ETI100561;OU=WHfB,OU=STI,OU=Estacoes,OU=Microinformatica,OU=Maquinas,DC=rede,DC=stf,DC=gov,DC=br;Somente OU Incorreta
ETI091863;OU=WHfB,OU=STI,OU=Estacoes,OU=Microinformatica,OU=Maquinas,DC=rede,DC=stf,DC=gov,DC=br;Somente OU Incorreta
ETI085378;OU=WHfB,OU=STI,OU=Estacoes,OU=Microinformatica,OU=Maquinas,DC=rede,DC=stf,DC=gov,DC=br;Somente OU Incorreta
ETI100565;OU=WHfB,OU=STI,OU=Estacoes,OU=Microinformatica,OU=Maquinas,DC=rede,DC=stf,DC=gov,DC=br;Somente OU Incorreta
ETI101186;OU=WHfB,OU=STI,OU=Estacoes,OU=Microinformatica,OU=Maquinas,DC=rede,DC=stf,DC=gov,DC=br;Somente OU Incorreta
ETI098160;OU=WHfB,OU=STI,OU=Estacoes,OU=Microinformatica,OU=Maquinas,DC=rede,DC=stf,DC=gov,DC=br;Somente OU Incorreta
ETI100557;OU=WHfB,OU=STI,OU=Estacoes,OU=Microinformatica,OU=Maquinas,DC=rede,DC=stf,DC=gov,DC=br;Somente OU Incorreta
ETI084681;OU=WHfB,OU=STI,OU=Estacoes,OU=Microinformatica,OU=Maquinas,DC=rede,DC=stf,DC=gov,DC=br;Somente OU Incorreta
ETI085996;OU=WHfB,OU=STI,OU=Estacoes,OU=Microinformatica,OU=Maquinas,DC=rede,DC=stf,DC=gov,DC=br;Somente OU Incorreta
ETI085139;OU=WHfB,OU=STI,OU=Estacoes,OU=Microinformatica,OU=Maquinas,DC=rede,DC=stf,DC=gov,DC=br;Somente OU Incorreta
ETI092200;OU=WHfB,OU=STI,OU=Estacoes,OU=Microinformatica,OU=Maquinas,DC=rede,DC=stf,DC=gov,DC=br;Somente OU Incorreta
ETI089653;OU=WHfB,OU=STI,OU=Estacoes,OU=Microinformatica,OU=Maquinas,DC=rede,DC=stf,DC=gov,DC=br;Somente OU Incorreta
ETI085293;OU=WHfB,OU=STI,OU=Estacoes,OU=Microinformatica,OU=Maquinas,DC=rede,DC=stf,DC=gov,DC=br;Somente OU Incorreta
ETI100588;OU=WHfB,OU=STI,OU=Estacoes,OU=Microinformatica,OU=Maquinas,DC=rede,DC=stf,DC=gov,DC=br;Somente OU Incorreta
ETI100465;OU=WHfB,OU=STI,OU=Estacoes,OU=Microinformatica,OU=Maquinas,DC=rede,DC=stf,DC=gov,DC=br;Somente OU Incorreta
ETI098186;OU=WHfB,OU=STI,OU=Estacoes,OU=Microinformatica,OU=Maquinas,DC=rede,DC=stf,DC=gov,DC=br;Somente OU Incorreta
ETI101179;OU=WHfB,OU=STI,OU=Estacoes,OU=Microinformatica,OU=Maquinas,DC=rede,DC=stf,DC=gov,DC=br;Somente OU Incorreta
ETI098196;OU=WHfB,OU=STI,OU=Estacoes,OU=Microinformatica,OU=Maquinas,DC=rede,DC=stf,DC=gov,DC=br;Somente OU Incorreta
ETI100541;OU=WHfB,OU=STI,OU=Estacoes,OU=Microinformatica,OU=Maquinas,DC=rede,DC=stf,DC=gov,DC=br;Somente OU Incorreta
ETI093454;OU=WHfB,OU=STI,OU=Estacoes,OU=Microinformatica,OU=Maquinas,DC=rede,DC=stf,DC=gov,DC=br;Somente OU Incorreta
ETI086378;OU=WHfB,OU=STI,OU=Estacoes,OU=Microinformatica,OU=Maquinas,DC=rede,DC=stf,DC=gov,DC=br;Somente OU Incorreta
ETI086005;OU=WHfB,OU=STI,OU=Estacoes,OU=Microinformatica,OU=Maquinas,DC=rede,DC=stf,DC=gov,DC=br;Somente OU Incorreta
ETI100736;OU=WHfB,OU=STI,OU=Estacoes,OU=Microinformatica,OU=Maquinas,DC=rede,DC=stf,DC=gov,DC=br;Somente OU Incorreta
ETI085994;OU=WHfB,OU=STI,OU=Estacoes,OU=Microinformatica,OU=Maquinas,DC=rede,DC=stf,DC=gov,DC=br;Somente OU Incorreta
ETI091848;OU=WHfB,OU=STI,OU=Estacoes,OU=Microinformatica,OU=Maquinas,DC=rede,DC=stf,DC=gov,DC=br;Somente OU Incorreta
ETI101191;OU=WHfB,OU=STI,OU=Estacoes,OU=Microinformatica,OU=Maquinas,DC=rede,DC=stf,DC=gov,DC=br;Somente OU Incorreta
ETI101203;OU=WHfB,OU=STI,OU=Estacoes,OU=Microinformatica,OU=Maquinas,DC=rede,DC=stf,DC=gov,DC=br;Somente OU Incorreta
ETI100586;OU=WHfB,OU=STI,OU=Estacoes,OU=Microinformatica,OU=Maquinas,DC=rede,DC=stf,DC=gov,DC=br;Somente OU Incorreta
ETI091855;OU=WHfB,OU=STI,OU=Estacoes,OU=Microinformatica,OU=Maquinas,DC=rede,DC=stf,DC=gov,DC=br;Somente OU Incorreta
ETI091829;OU=WHfB,OU=STI,OU=Estacoes,OU=Microinformatica,OU=Maquinas,DC=rede,DC=stf,DC=gov,DC=br;Somente OU Incorreta
ETI092866;OU=WHfB,OU=STI,OU=Estacoes,OU=Microinformatica,OU=Maquinas,DC=rede,DC=stf,DC=gov,DC=br;Somente OU Incorreta
ETI091849;OU=WHfB,OU=STI,OU=Estacoes,OU=Microinformatica,OU=Maquinas,DC=rede,DC=stf,DC=gov,DC=br;Somente OU Incorreta
ETI085988;OU=WHfB,OU=STI,OU=Estacoes,OU=Microinformatica,OU=Maquinas,DC=rede,DC=stf,DC=gov,DC=br;Somente OU Incorreta
ETI085386;OU=WHfB,OU=STI,OU=Estacoes,OU=Microinformatica,OU=Maquinas,DC=rede,DC=stf,DC=gov,DC=br;Somente OU Incorreta
ETI100466;OU=WHfB,OU=STI,OU=Estacoes,OU=Microinformatica,OU=Maquinas,DC=rede,DC=stf,DC=gov,DC=br;Somente OU Incorreta
ETI098206;OU=WHfB,OU=STI,OU=Estacoes,OU=Microinformatica,OU=Maquinas,DC=rede,DC=stf,DC=gov,DC=br;Somente OU Incorreta
ETI088190;OU=WHfB,OU=STI,OU=Estacoes,OU=Microinformatica,OU=Maquinas,DC=rede,DC=stf,DC=gov,DC=br;Somente OU Incorreta
ETI091859;OU=WHfB,OU=STI,OU=Estacoes,OU=Microinformatica,OU=Maquinas,DC=rede,DC=stf,DC=gov,DC=br;Somente OU Incorreta
ETU100980;OU=WHfB,OU=STI,OU=Estacoes,OU=Microinformatica,OU=Maquinas,DC=rede,DC=stf,DC=gov,DC=br;Somente OU Incorreta
ETI093419;OU=WHfB,OU=STI,OU=Estacoes,OU=Microinformatica,OU=Maquinas,DC=rede,DC=stf,DC=gov,DC=br;Somente OU Incorreta
ETI085326;OU=WHfB,OU=STI,OU=Estacoes,OU=Microinformatica,OU=Maquinas,DC=rede,DC=stf,DC=gov,DC=br;Somente OU Incorreta
ETI098204;OU=WHfB,OU=STI,OU=Estacoes,OU=Microinformatica,OU=Maquinas,DC=rede,DC=stf,DC=gov,DC=br;Somente OU Incorreta
ETI093395;OU=WHfB,OU=STI,OU=Estacoes,OU=Microinformatica,OU=Maquinas,DC=rede,DC=stf,DC=gov,DC=br;Somente OU Incorreta
ETI101188;OU=WHfB,OU=STI,OU=Estacoes,OU=Microinformatica,OU=Maquinas,DC=rede,DC=stf,DC=gov,DC=br;Somente OU Incorreta
ETI084614;OU=WHfB,OU=STI,OU=Estacoes,OU=Microinformatica,OU=Maquinas,DC=rede,DC=stf,DC=gov,DC=br;Somente OU Incorreta
ETI089292;OU=WHfB,OU=STI,OU=Estacoes,OU=Microinformatica,OU=Maquinas,DC=rede,DC=stf,DC=gov,DC=br;Somente OU Incorreta
ETI093034;OU=WHfB,OU=STI,OU=Estacoes,OU=Microinformatica,OU=Maquinas,DC=rede,DC=stf,DC=gov,DC=br;Somente OU Incorreta
ETI089305;OU=WHfB,OU=STI,OU=Estacoes,OU=Microinformatica,OU=Maquinas,DC=rede,DC=stf,DC=gov,DC=br;Somente OU Incorreta
ETI084703;OU=WHfB,OU=STI,OU=Estacoes,OU=Microinformatica,OU=Maquinas,DC=rede,DC=stf,DC=gov,DC=br;Somente OU Incorreta
ETI087297;OU=WHfB,OU=STI,OU=Estacoes,OU=Microinformatica,OU=Maquinas,DC=rede,DC=stf,DC=gov,DC=br;Somente OU Incorreta
ETI098211;OU=WHfB,OU=STI,OU=Estacoes,OU=Microinformatica,OU=Maquinas,DC=rede,DC=stf,DC=gov,DC=br;Somente OU Incorreta
ETI092432;OU=WHfB,OU=STI,OU=Estacoes,OU=Microinformatica,OU=Maquinas,DC=rede,DC=stf,DC=gov,DC=br;Somente OU Incorreta
ETI089317;OU=WHfB,OU=STI,OU=Estacoes,OU=Microinformatica,OU=Maquinas,DC=rede,DC=stf,DC=gov,DC=br;Somente OU Incorreta
ETI091867;OU=WHfB,OU=STI,OU=Estacoes,OU=Microinformatica,OU=Maquinas,DC=rede,DC=stf,DC=gov,DC=br;Somente OU Incorreta
ETI079505;OU=WHfB,OU=STI,OU=Estacoes,OU=Microinformatica,OU=Maquinas,DC=rede,DC=stf,DC=gov,DC=br;Somente OU Incorreta
ETI085985;OU=WHfB,OU=STI,OU=Estacoes,OU=Microinformatica,OU=Maquinas,DC=rede,DC=stf,DC=gov,DC=br;Somente OU Incorreta
ETI089324;OU=WHfB,OU=STI,OU=Estacoes,OU=Microinformatica,OU=Maquinas,DC=rede,DC=stf,DC=gov,DC=br;Somente OU Incorreta
ETI085999;OU=WHfB,OU=STI,OU=Estacoes,OU=Microinformatica,OU=Maquinas,DC=rede,DC=stf,DC=gov,DC=br;Somente OU Incorreta
ETI100590;OU=WHfB,OU=STI,OU=Estacoes,OU=Microinformatica,OU=Maquinas,DC=rede,DC=stf,DC=gov,DC=br;Somente OU Incorreta
ETI098199;OU=WHfB,OU=STI,OU=Estacoes,OU=Microinformatica,OU=Maquinas,DC=rede,DC=stf,DC=gov,DC=br;Somente OU Incorreta
ETI092056;OU=WHfB,OU=STI,OU=Estacoes,OU=Microinformatica,OU=Maquinas,DC=rede,DC=stf,DC=gov,DC=br;Somente OU Incorreta
ETI087303;OU=WHfB,OU=STI,OU=Estacoes,OU=Microinformatica,OU=Maquinas,DC=rede,DC=stf,DC=gov,DC=br;Somente OU Incorreta
ETU101002;OU=WHfB,OU=STI,OU=Estacoes,OU=Microinformatica,OU=Maquinas,DC=rede,DC=stf,DC=gov,DC=br;Somente OU Incorreta
ETI085984;OU=WHfB,OU=STI,OU=Estacoes,OU=Microinformatica,OU=Maquinas,DC=rede,DC=stf,DC=gov,DC=br;Somente OU Incorreta
ETI086546;OU=WHfB,OU=STI,OU=Estacoes,OU=Microinformatica,OU=Maquinas,DC=rede,DC=stf,DC=gov,DC=br;Somente OU Incorreta
ETI087296;OU=WHfB,OU=STI,OU=Estacoes,OU=Microinformatica,OU=Maquinas,DC=rede,DC=stf,DC=gov,DC=br;Somente OU Incorreta
ETI100750;OU=WHfB,OU=STI,OU=Estacoes,OU=Microinformatica,OU=Maquinas,DC=rede,DC=stf,DC=gov,DC=br;Somente OU Incorreta
ETI085183;OU=WHfB,OU=STI,OU=Estacoes,OU=Microinformatica,OU=Maquinas,DC=rede,DC=stf,DC=gov,DC=br;Somente OU Incorreta
ETI086987;OU=WHfB,OU=STI,OU=Estacoes,OU=Microinformatica,OU=Maquinas,DC=rede,DC=stf,DC=gov,DC=br;Somente OU Incorreta
ETI100742;OU=WHfB,OU=STI,OU=Estacoes,OU=Microinformatica,OU=Maquinas,DC=rede,DC=stf,DC=gov,DC=br;Somente OU Incorreta
ETI098190;OU=WHfB,OU=STI,OU=Estacoes,OU=Microinformatica,OU=Maquinas,DC=rede,DC=stf,DC=gov,DC=br;Somente OU Incorreta
ETI100463;OU=WHfB,OU=STI,OU=Estacoes,OU=Microinformatica,OU=Maquinas,DC=rede,DC=stf,DC=gov,DC=br;Somente OU Incorreta
ETI089288;OU=WHfB,OU=STI,OU=Estacoes,OU=Microinformatica,OU=Maquinas,DC=rede,DC=stf,DC=gov,DC=br;Somente OU Incorreta
ETI092867;OU=WHfB,OU=STI,OU=Estacoes,OU=Microinformatica,OU=Maquinas,DC=rede,DC=stf,DC=gov,DC=br;Somente OU Incorreta
ETI100718;OU=WHfB,OU=STI,OU=Estacoes,OU=Microinformatica,OU=Maquinas,DC=rede,DC=stf,DC=gov,DC=br;Somente OU Incorreta
ETI086003;OU=WHfB,OU=STI,OU=Estacoes,OU=Microinformatica,OU=Maquinas,DC=rede,DC=stf,DC=gov,DC=br;Somente OU Incorreta
ETI100568;OU=WHfB,OU=STI,OU=Estacoes,OU=Microinformatica,OU=Maquinas,DC=rede,DC=stf,DC=gov,DC=br;Somente OU Incorreta
ETI098202;OU=WHfB,OU=STI,OU=Estacoes,OU=Microinformatica,OU=Maquinas,DC=rede,DC=stf,DC=gov,DC=br;Somente OU Incorreta
ETI100570;OU=WHfB,OU=STI,OU=Estacoes,OU=Microinformatica,OU=Maquinas,DC=rede,DC=stf,DC=gov,DC=br;Somente OU Incorreta
ETI100564;OU=WHfB,OU=STI,OU=Estacoes,OU=Microinformatica,OU=Maquinas,DC=rede,DC=stf,DC=gov,DC=br;Somente OU Incorreta
ETI089290;OU=WHfB,OU=STI,OU=Estacoes,OU=Microinformatica,OU=Maquinas,DC=rede,DC=stf,DC=gov,DC=br;Somente OU Incorreta
ETI086402;OU=WHfB,OU=STI,OU=Estacoes,OU=Microinformatica,OU=Maquinas,DC=rede,DC=stf,DC=gov,DC=br;Somente OU Incorreta
ETI100589;OU=WHfB,OU=STI,OU=Estacoes,OU=Microinformatica,OU=Maquinas,DC=rede,DC=stf,DC=gov,DC=br;Somente OU Incorreta
ETI091801;OU=WHfB,OU=STI,OU=Estacoes,OU=Microinformatica,OU=Maquinas,DC=rede,DC=stf,DC=gov,DC=br;Somente OU Incorreta
ETI100739;OU=WHfB,OU=STI,OU=Estacoes,OU=Microinformatica,OU=Maquinas,DC=rede,DC=stf,DC=gov,DC=br;Somente OU Incorreta
ETI100775;OU=WHfB,OU=STI,OU=Estacoes,OU=Microinformatica,OU=Maquinas,DC=rede,DC=stf,DC=gov,DC=br;Somente OU Incorreta
ETI086002;OU=WHfB,OU=STI,OU=Estacoes,OU=Microinformatica,OU=Maquinas,DC=rede,DC=stf,DC=gov,DC=br;Somente OU Incorreta
ETI098159;OU=WHfB,OU=STI,OU=Estacoes,OU=Microinformatica,OU=Maquinas,DC=rede,DC=stf,DC=gov,DC=br;Somente OU Incorreta
ETI098157;OU=WHfB,OU=STI,OU=Estacoes,OU=Microinformatica,OU=Maquinas,DC=rede,DC=stf,DC=gov,DC=br;Somente OU Incorreta
ETI100740;OU=WHfB,OU=STI,OU=Estacoes,OU=Microinformatica,OU=Maquinas,DC=rede,DC=stf,DC=gov,DC=br;Somente OU Incorreta
ETI087145;OU=WHfB,OU=STI,OU=Estacoes,OU=Microinformatica,OU=Maquinas,DC=rede,DC=stf,DC=gov,DC=br;Somente OU Incorreta
ETI089289;OU=WHfB,OU=STI,OU=Estacoes,OU=Microinformatica,OU=Maquinas,DC=rede,DC=stf,DC=gov,DC=br;Somente OU Incorreta
ETI088486;OU=WHfB,OU=STI,OU=Estacoes,OU=Microinformatica,OU=Maquinas,DC=rede,DC=stf,DC=gov,DC=br;Somente OU Incorreta
ETI089322;OU=WHfB,OU=STI,OU=Estacoes,OU=Microinformatica,OU=Maquinas,DC=rede,DC=stf,DC=gov,DC=br;Somente OU Incorreta
ETU088189;OU=WHfB,OU=STI,OU=Estacoes,OU=Microinformatica,OU=Maquinas,DC=rede,DC=stf,DC=gov,DC=br;Somente OU Incorreta
ETI101187;OU=WHfB,OU=STI,OU=Estacoes,OU=Microinformatica,OU=Maquinas,DC=rede,DC=stf,DC=gov,DC=br;Somente OU Incorreta
ETI089326;OU=WHfB,OU=STI,OU=Estacoes,OU=Microinformatica,OU=Maquinas,DC=rede,DC=stf,DC=gov,DC=br;Somente OU Incorreta
ETI084623;OU=WHfB,OU=STI,OU=Estacoes,OU=Microinformatica,OU=Maquinas,DC=rede,DC=stf,DC=gov,DC=br;Somente OU Incorreta
ETI085218;OU=WHfB,OU=STI,OU=Estacoes,OU=Microinformatica,OU=Maquinas,DC=rede,DC=stf,DC=gov,DC=br;Somente OU Incorreta
ETI089311;OU=WHfB,OU=STI,OU=Estacoes,OU=Microinformatica,OU=Maquinas,DC=rede,DC=stf,DC=gov,DC=br;Somente OU Incorreta
ETI092204;OU=WHfB,OU=STI,OU=Estacoes,OU=Microinformatica,OU=Maquinas,DC=rede,DC=stf,DC=gov,DC=br;Somente OU Incorreta
ETI098152;OU=WHfB,OU=STI,OU=Estacoes,OU=Microinformatica,OU=Maquinas,DC=rede,DC=stf,DC=gov,DC=br;Somente OU Incorreta
ETI093045;OU=WHfB,OU=STI,OU=Estacoes,OU=Microinformatica,OU=Maquinas,DC=rede,DC=stf,DC=gov,DC=br;Somente OU Incorreta
ETI087610;OU=WHfB,OU=STI,OU=Estacoes,OU=Microinformatica,OU=Maquinas,DC=rede,DC=stf,DC=gov,DC=br;Somente OU Incorreta
ETI100729;OU=WHfB,OU=STI,OU=Estacoes,OU=Microinformatica,OU=Maquinas,DC=rede,DC=stf,DC=gov,DC=br;Somente OU Incorreta
ETI085323;OU=WHfB,OU=STI,OU=Estacoes,OU=Microinformatica,OU=Maquinas,DC=rede,DC=stf,DC=gov,DC=br;Somente OU Incorreta
ETI100730;OU=WHfB,OU=STI,OU=Estacoes,OU=Microinformatica,OU=Maquinas,DC=rede,DC=stf,DC=gov,DC=br;Somente OU Incorreta
ETI092091;OU=WHfB,OU=STI,OU=Estacoes,OU=Microinformatica,OU=Maquinas,DC=rede,DC=stf,DC=gov,DC=br;Somente OU Incorreta
ETI093434;OU=WHfB,OU=STI,OU=Estacoes,OU=Microinformatica,OU=Maquinas,DC=rede,DC=stf,DC=gov,DC=br;Somente OU Incorreta
ETI092140;OU=WHfB,OU=STI,OU=Estacoes,OU=Microinformatica,OU=Maquinas,DC=rede,DC=stf,DC=gov,DC=br;Somente OU Incorreta
ETI087767;OU=WHfB,OU=STI,OU=Estacoes,OU=Microinformatica,OU=Maquinas,DC=rede,DC=stf,DC=gov,DC=br;Somente OU Incorreta
ETI089297;OU=WHfB,OU=STI,OU=Estacoes,OU=Microinformatica,OU=Maquinas,DC=rede,DC=stf,DC=gov,DC=br;Somente OU Incorreta
ETI089325;OU=WHfB,OU=STI,OU=Estacoes,OU=Microinformatica,OU=Maquinas,DC=rede,DC=stf,DC=gov,DC=br;Somente OU Incorreta
ETI098188;OU=WHfB,OU=STI,OU=Estacoes,OU=Microinformatica,OU=Maquinas,DC=rede,DC=stf,DC=gov,DC=br;Somente OU Incorreta
ETI098136;OU=WHfB,OU=STI,OU=Estacoes,OU=Microinformatica,OU=Maquinas,DC=rede,DC=stf,DC=gov,DC=br;Somente OU Incorreta
ETI098969;OU=WHfB,OU=STI,OU=Estacoes,OU=Microinformatica,OU=Maquinas,DC=rede,DC=stf,DC=gov,DC=br;Somente OU Incorreta
ETI092859;OU=WHfB,OU=STI,OU=Estacoes,OU=Microinformatica,OU=Maquinas,DC=rede,DC=stf,DC=gov,DC=br;Somente OU Incorreta
ETI085991;OU=WHfB,OU=STI,OU=Estacoes,OU=Microinformatica,OU=Maquinas,DC=rede,DC=stf,DC=gov,DC=br;Somente OU Incorreta
ETI092110;OU=WHfB,OU=STI,OU=Estacoes,OU=Microinformatica,OU=Maquinas,DC=rede,DC=stf,DC=gov,DC=br;Somente OU Incorreta
ETI092138;OU=WHfB,OU=STI,OU=Estacoes,OU=Microinformatica,OU=Maquinas,DC=rede,DC=stf,DC=gov,DC=br;Somente OU Incorreta
ETI087130;OU=WHfB,OU=STI,OU=Estacoes,OU=Microinformatica,OU=Maquinas,DC=rede,DC=stf,DC=gov,DC=br;Somente OU Incorreta
ETI088040;OU=WHfB,OU=STI,OU=Estacoes,OU=Microinformatica,OU=Maquinas,DC=rede,DC=stf,DC=gov,DC=br;Somente OU Incorreta
ETI089329;OU=WHfB,OU=STI,OU=Estacoes,OU=Microinformatica,OU=Maquinas,DC=rede,DC=stf,DC=gov,DC=br;Somente OU Incorreta
ETI100587;OU=WHfB,OU=STI,OU=Estacoes,OU=Microinformatica,OU=Maquinas,DC=rede,DC=stf,DC=gov,DC=br;Somente OU Incorreta
ETI086000;OU=WHfB,OU=STI,OU=Estacoes,OU=Microinformatica,OU=Maquinas,DC=rede,DC=stf,DC=gov,DC=br;Somente OU Incorreta
ETI087778;OU=WHfB,OU=STI,OU=Estacoes,OU=Microinformatica,OU=Maquinas,DC=rede,DC=stf,DC=gov,DC=br;Somente OU Incorreta
ETI089310;OU=WHfB,OU=STI,OU=Estacoes,OU=Microinformatica,OU=Maquinas,DC=rede,DC=stf,DC=gov,DC=br;Somente OU Incorreta
ETI089296;OU=WHfB,OU=STI,OU=Estacoes,OU=Microinformatica,OU=Maquinas,DC=rede,DC=stf,DC=gov,DC=br;Somente OU Incorreta
ETI098203;OU=WHfB,OU=STI,OU=Estacoes,OU=Microinformatica,OU=Maquinas,DC=rede,DC=stf,DC=gov,DC=br;Somente OU Incorreta
ETI088188;OU=WHfB,OU=STI,OU=Estacoes,OU=Microinformatica,OU=Maquinas,DC=rede,DC=stf,DC=gov,DC=br;Somente OU Incorreta
ETI092770;OU=WHfB,OU=STI,OU=Estacoes,OU=Microinformatica,OU=Maquinas,DC=rede,DC=stf,DC=gov,DC=br;Somente OU Incorreta
ETI101193;OU=WHfB,OU=STI,OU=Estacoes,OU=Microinformatica,OU=Maquinas,DC=rede,DC=stf,DC=gov,DC=br;Somente OU Incorreta
ETU101153;OU=WHfB,OU=STI,OU=Estacoes,OU=Microinformatica,OU=Maquinas,DC=rede,DC=stf,DC=gov,DC=br;Somente OU Incorreta
NOT097941;OU=WHfB,OU=STI,OU=Estacoes,OU=Microinformatica,OU=Maquinas,DC=rede,DC=stf,DC=gov,DC=br;Somente OU Incorreta
ETI098201;OU=WHfB,OU=STI,OU=Estacoes,OU=Microinformatica,OU=Maquinas,DC=rede,DC=stf,DC=gov,DC=br;Somente OU Incorreta
NOT098236;OU=InTune,OU=STI,OU=Estacoes,OU=Microinformatica,OU=Maquinas,DC=rede,DC=stf,DC=gov,DC=br;Somente OU Incorreta
ETI089540;OU=InTune,OU=STI,OU=Estacoes,OU=Microinformatica,OU=Maquinas,DC=rede,DC=stf,DC=gov,DC=br;Somente OU Incorreta
NOT097945;OU=InTune,OU=STI,OU=Estacoes,OU=Microinformatica,OU=Maquinas,DC=rede,DC=stf,DC=gov,DC=br;Somente OU Incorreta
ETI098145;OU=InTune,OU=STI,OU=Estacoes,OU=Microinformatica,OU=Maquinas,DC=rede,DC=stf,DC=gov,DC=br;Somente OU Incorreta
ETI091750;OU=InTune,OU=STI,OU=Estacoes,OU=Microinformatica,OU=Maquinas,DC=rede,DC=stf,DC=gov,DC=br;Somente OU Incorreta
ETI091733;OU=InTune,OU=STI,OU=Estacoes,OU=Microinformatica,OU=Maquinas,DC=rede,DC=stf,DC=gov,DC=br;Somente OU Incorreta
NOT097828;OU=InTune,OU=STI,OU=Estacoes,OU=Microinformatica,OU=Maquinas,DC=rede,DC=stf,DC=gov,DC=br;Somente OU Incorreta
ETI089656;OU=InTune,OU=STI,OU=Estacoes,OU=Microinformatica,OU=Maquinas,DC=rede,DC=stf,DC=gov,DC=br;Somente OU Incorreta
ETI092059;OU=InTune,OU=STI,OU=Estacoes,OU=Microinformatica,OU=Maquinas,DC=rede,DC=stf,DC=gov,DC=br;Somente OU Incorreta
INTUNESTF-HQTN2;OU=InTune,OU=STI,OU=Estacoes,OU=Microinformatica,OU=Maquinas,DC=rede,DC=stf,DC=gov,DC=br;Fora Do Padrão
ETI087615;OU=InTune,OU=STI,OU=Estacoes,OU=Microinformatica,OU=Maquinas,DC=rede,DC=stf,DC=gov,DC=br;Somente OU Incorreta
ETI092058;OU=InTune,OU=STI,OU=Estacoes,OU=Microinformatica,OU=Maquinas,DC=rede,DC=stf,DC=gov,DC=br;Somente OU Incorreta
NOT097944;OU=InTune,OU=STI,OU=Estacoes,OU=Microinformatica,OU=Maquinas,DC=rede,DC=stf,DC=gov,DC=br;Somente OU Incorreta
ETU086369;OU=InTune,OU=STI,OU=Estacoes,OU=Microinformatica,OU=Maquinas,DC=rede,DC=stf,DC=gov,DC=br;Somente OU Incorreta
NOT098239;OU=InTune,OU=STI,OU=Estacoes,OU=Microinformatica,OU=Maquinas,DC=rede,DC=stf,DC=gov,DC=br;Somente OU Incorreta
NOT098244;OU=InTune,OU=STI,OU=Estacoes,OU=Microinformatica,OU=Maquinas,DC=rede,DC=stf,DC=gov,DC=br;Somente OU Incorreta
NOT097942;OU=InTune,OU=STI,OU=Estacoes,OU=Microinformatica,OU=Maquinas,DC=rede,DC=stf,DC=gov,DC=br;Somente OU Incorreta
NOT097832;OU=InTune,OU=STI,OU=Estacoes,OU=Microinformatica,OU=Maquinas,DC=rede,DC=stf,DC=gov,DC=br;Somente OU Incorreta
ETI091865;OU=InTune,OU=STI,OU=Estacoes,OU=Microinformatica,OU=Maquinas,DC=rede,DC=stf,DC=gov,DC=br;Somente OU Incorreta
NOT097854;OU=InTune,OU=STI,OU=Estacoes,OU=Microinformatica,OU=Maquinas,DC=rede,DC=stf,DC=gov,DC=br;Somente OU Incorreta
NOT098247;OU=InTune,OU=STI,OU=Estacoes,OU=Microinformatica,OU=Maquinas,DC=rede,DC=stf,DC=gov,DC=br;Somente OU Incorreta
NOT098221;OU=InTune,OU=STI,OU=Estacoes,OU=Microinformatica,OU=Maquinas,DC=rede,DC=stf,DC=gov,DC=br;Somente OU Incorreta
ETI093492;OU=InTune,OU=STI,OU=Estacoes,OU=Microinformatica,OU=Maquinas,DC=rede,DC=stf,DC=gov,DC=br;Somente OU Incorreta
NOT097946;OU=InTune,OU=STI,OU=Estacoes,OU=Microinformatica,OU=Maquinas,DC=rede,DC=stf,DC=gov,DC=br;Somente OU Incorreta
ETI084766;OU=InTune,OU=STI,OU=Estacoes,OU=Microinformatica,OU=Maquinas,DC=rede,DC=stf,DC=gov,DC=br;Somente OU Incorreta
ETU100554;OU=InTune,OU=STI,OU=Estacoes,OU=Microinformatica,OU=Maquinas,DC=rede,DC=stf,DC=gov,DC=br;Somente OU Incorreta
ETU092810;OU=InTune,OU=STI,OU=Estacoes,OU=Microinformatica,OU=Maquinas,DC=rede,DC=stf,DC=gov,DC=br;Somente OU Incorreta
NOT098233;OU=InTune,OU=STI,OU=Estacoes,OU=Microinformatica,OU=Maquinas,DC=rede,DC=stf,DC=gov,DC=br;Somente OU Incorreta
ETU087918;OU=InTune,OU=STI,OU=Estacoes,OU=Microinformatica,OU=Maquinas,DC=rede,DC=stf,DC=gov,DC=br;Somente OU Incorreta
ETI093404;OU=InTune,OU=STI,OU=Estacoes,OU=Microinformatica,OU=Maquinas,DC=rede,DC=stf,DC=gov,DC=br;Somente OU Incorreta
NOT097851;OU=InTune,OU=STI,OU=Estacoes,OU=Microinformatica,OU=Maquinas,DC=rede,DC=stf,DC=gov,DC=br;Somente OU Incorreta
NOT088599;OU=InTune,OU=STI,OU=Estacoes,OU=Microinformatica,OU=Maquinas,DC=rede,DC=stf,DC=gov,DC=br;Somente OU Incorreta
ANGU-VCENTER67;OU=Estacoes,OU=Microinformatica,OU=Maquinas,DC=rede,DC=stf,DC=gov,DC=br;Fora Do Padrão
ANGU-PSC67;OU=Estacoes,OU=Microinformatica,OU=Maquinas,DC=rede,DC=stf,DC=gov,DC=br;Fora Do Padrão
NOT088620;OU=Estacoes,OU=Microinformatica,OU=Maquinas,DC=rede,DC=stf,DC=gov,DC=br;Somente OU Incorreta
NOT088601;OU=Estacoes,OU=Microinformatica,OU=Maquinas,DC=rede,DC=stf,DC=gov,DC=br;Somente OU Incorreta
NOT098227;OU=Estacoes,OU=Microinformatica,OU=Maquinas,DC=rede,DC=stf,DC=gov,DC=br;Somente OU Incorreta
NOT088653;OU=Estacoes,OU=Microinformatica,OU=Maquinas,DC=rede,DC=stf,DC=gov,DC=br;Somente OU Incorreta
NOT088536;OU=Estacoes,OU=Microinformatica,OU=Maquinas,DC=rede,DC=stf,DC=gov,DC=br;Somente OU Incorreta
NOT088574;OU=Estacoes,OU=Microinformatica,OU=Maquinas,DC=rede,DC=stf,DC=gov,DC=br;Somente OU Incorreta
NOT088607;OU=Estacoes,OU=Microinformatica,OU=Maquinas,DC=rede,DC=stf,DC=gov,DC=br;Somente OU Incorreta
NOT088547;OU=Estacoes,OU=Microinformatica,OU=Maquinas,DC=rede,DC=stf,DC=gov,DC=br;Somente OU Incorreta
NOT098250;OU=Estacoes,OU=Microinformatica,OU=Maquinas,DC=rede,DC=stf,DC=gov,DC=br;Somente OU Incorreta
NOT098226;OU=Estacoes,OU=Microinformatica,OU=Maquinas,DC=rede,DC=stf,DC=gov,DC=br;Somente OU Incorreta
NOT098223;OU=Estacoes,OU=Microinformatica,OU=Maquinas,DC=rede,DC=stf,DC=gov,DC=br;Somente OU Incorreta
NOT098245;OU=Estacoes,OU=Microinformatica,OU=Maquinas,DC=rede,DC=stf,DC=gov,DC=br;Somente OU Incorreta
NOT098249;OU=Estacoes,OU=Microinformatica,OU=Maquinas,DC=rede,DC=stf,DC=gov,DC=br;Somente OU Incorreta
NOT088504;OU=Estacoes,OU=Microinformatica,OU=Maquinas,DC=rede,DC=stf,DC=gov,DC=br;Somente OU Incorreta
NOT097873;OU=Estacoes,OU=Microinformatica,OU=Maquinas,DC=rede,DC=stf,DC=gov,DC=br;Somente OU Incorreta
DALET-CLIENT4;OU=Estacoes,OU=Microinformatica,OU=Maquinas,DC=rede,DC=stf,DC=gov,DC=br;Fora Do Padrão
NOT088635;OU=Estacoes,OU=Microinformatica,OU=Maquinas,DC=rede,DC=stf,DC=gov,DC=br;Somente OU Incorreta
DALET-CLIENT1;OU=Estacoes,OU=Microinformatica,OU=Maquinas,DC=rede,DC=stf,DC=gov,DC=br;Fora Do Padrão
DALET-CLIENT2;OU=Estacoes,OU=Microinformatica,OU=Maquinas,DC=rede,DC=stf,DC=gov,DC=br;Fora Do Padrão
DALET-CLIENT3;OU=Estacoes,OU=Microinformatica,OU=Maquinas,DC=rede,DC=stf,DC=gov,DC=br;Fora Do Padrão
NOT088565;OU=Estacoes,OU=Microinformatica,OU=Maquinas,DC=rede,DC=stf,DC=gov,DC=br;Somente OU Incorreta
WORKNIAC1;OU=Estacoes,OU=Microinformatica,OU=Maquinas,DC=rede,DC=stf,DC=gov,DC=br;Fora Do Padrão
NOT088514;OU=Estacoes,OU=Microinformatica,OU=Maquinas,DC=rede,DC=stf,DC=gov,DC=br;Somente OU Incorreta
NOTE072810;OU=Notebooks,OU=Microinformatica,OU=Maquinas,DC=rede,DC=stf,DC=gov,DC=br;Fora Do Padrão
NOTSTI01;OU=Notebooks,OU=Microinformatica,OU=Maquinas,DC=rede,DC=stf,DC=gov,DC=br;Fora Do Padrão
NOTE072879;OU=Notebooks,OU=Microinformatica,OU=Maquinas,DC=rede,DC=stf,DC=gov,DC=br;Fora Do Padrão
it226850857;OU=Virtuais,OU=Microinformatica,OU=Maquinas,DC=rede,DC=stf,DC=gov,DC=br;Fora Do Padrão
avd-0;OU=AVD,OU=Microinformatica,OU=Maquinas,DC=rede,DC=stf,DC=gov,DC=br;Fora Do Padrão
RemoteApp-0;OU=AVD,OU=Microinformatica,OU=Maquinas,DC=rede,DC=stf,DC=gov,DC=br;Fora Do Padrão
storageavdstf;OU=AVD,OU=Microinformatica,OU=Maquinas,DC=rede,DC=stf,DC=gov,DC=br;Fora Do Padrão
vm-avdpoc;OU=AVD,OU=Microinformatica,OU=Maquinas,DC=rede,DC=stf,DC=gov,DC=br;Fora Do Padrão
TER-FROTA-01;OU=Transporte_STF-Frota,OU=Terminais,OU=Microinformatica,OU=Maquinas,DC=rede,DC=stf,DC=gov,DC=br;Somente OU Incorreta
TER-FROTA-02;OU=Transporte_STF-Frota,OU=Terminais,OU=Microinformatica,OU=Maquinas,DC=rede,DC=stf,DC=gov,DC=br;Somente OU Incorreta
ETU084683;OU=Dashboard,OU=Terminais,OU=Microinformatica,OU=Maquinas,DC=rede,DC=stf,DC=gov,DC=br;Somente OU Incorreta
